{
	"Product": {
		"Product_Number": 9011,
		"Product_Name": "Dark Chocolate Nuts & Chews",
		"Product_Price": "$28.50"
	},
	"Time": {
		"Order_Date": "04/15/2020",
		"Order_Number": 200393,
		"Week": "Week of 4/13/2020",
		"Month": "April",
		"Quarter": "4th Quarter"
	},
	"Customer": {
		"Customer_ID": 3858965,
		"Customer_Name": "Margerat Hvatum",
		"Department": "Information System Department",
		"Address": "11333 Big Bend, Kirkwood, MO 63124",
		"Phone": "314-984-7518"
	},
	"Credit_Card": {
		"CC_Type": "Visa",
		"CC_Number": "8834 1111 2222 3333",
		"CC_Exp_Date": "05/15",
		"Sec_Code": "321"
	},
	"Company_Name": "Sees Candies",
	"Cust_Total": "$28.50"
}