{
	"Product": {
		"Products": [{

				"Product_Number": 1109,
				"Product_Name": "Dark Nuts and Chews",
				"Product_Price": "$27.50",
				"Product_Style": "Box",
				"Prod_Weight": "1 lb"
			},
			{
				"Product_Number": 677,
				"Product_Name": "California Brittle",
				"Product_Price": "$28.50",
				"Product_Style": "Box",
				"Prod_Weight": "1 lb"
			},
		]
	},

	"Custom_Mix": {
		"CustomMix": [{
				"CustomMixID": 10,
				"CM_Product_Number": "200357",
				"CM_PN_Quantity": "1 lb",
				"CM_Percentage": "25%",
				"CM_Name": "Milk Pecan Buds",
				"CM_Price": "$14.25"
			},
			{
				"CustomMixID": 20,
				"CM_Product_Number": "200258",
				"CM_PN_Quantity": "1 lb",
				"CM_Percentage": "75%",
				"CM_Name": "Marzipan",
				"CM_Price": "$14.25"
			}
		]
	},

	"Time": {
		"Order_Date": "4/15/2020",
		"Week": "Week of 4/13/2020",
		"Month": "April",
		"Quarter": "2nd Quarter"
	},
	"Product_Order": {
		"Order_Quantity": "1 lb",
		"Product_Number": "1109",
		"Product_Stock": "Out of stock",
		"Order_Ship_Type": "Chocolate",
		"Order_Ship_Date": "04/21/2020",
		"Order_Gift_Message": "None"
	},
	"Customer": {
		"Customer_ID": 98958,
		"Customer_Name": "Margaret Hvatum",
		"Customer_Department": "Information System Department",
		"Address": "11333 Big Bend, Kirkwood, MO 63124",
		"Phone": "314-984-7518"
	},
	"Credit_Card": {
		"Card_Type": "Visa",
		"CC_Number": 8834111122223333,
		"Exp_Date": "05/15",
		"Sec_Code": "321"
	},
	"Name": "Sees Candies",
	"Total": "$85.50"
}